[
	
	{
    	"input": "I don't need guidance, I will walk on my own.",
    	"classification": "free"
	},
	{
    	"input": "Let me walk freely without any assistance.",
    	"classification": "free"
	},
	{
    	"input": "I prefer to move without restrictions.",
    	"classification": "free"
	},
	{
    	"input": "Turn off the navigation mode, I want full control.",
    	"classification": "free"
	},
	{
    	"input": "No need for help, I know where I'm going.",
    	"classification": "free"
	},
	{
    	"input": "Keep the walker stable, but don’t guide me.",
    	"classification": "free"
	},
	{
    	"input": "I will decide my own path, disable assistance.",
    	"classification": "free"
	},
	{
    	"input": "I want to explore without interference.",
    	"classification": "free"
	},
	{
    	"input": "Let me handle my own movement.",
    	"classification": "free"
	},
	{
    	"input": "Don’t navigate for me, I’m walking freely.",
    	"classification": "free"
	},
	{
    	"input": "I just need support, not guidance.",
    	"classification": "free"
	},
	{
    	"input": "Let me take my own steps.",
    	"classification": "free"
	},
	{
    	"input": "Turn off the automated navigation.",
    	"classification": "free"
	},
	{
    	"input": "I don’t want the walker to assist my movement.",
    	"classification": "free"
	},
	{
    	"input": "Allow me to move as I wish.",
    	"classification": "free"
	},
	{
    	"input": "I prefer manual control over my walking.",
    	"classification": "free"
	},
	{
    	"input": "I can walk without any tracking.",
    	"classification": "free"
	},
	{
    	"input": "Let me find my own way.",
    	"classification": "free"
	},
	{
    	"input": "Disable path assistance, I’ll walk on my own.",
    	"classification": "free"
	},
	{
    	"input": "I don’t need help moving around.",
    	"classification": "free"
	},

	{
    	"input": "Can you guide me to the nearest exit?",
    	"classification": "assisted"
	},
	{
    	"input": "Help me reach the main lobby.",
    	"classification": "assisted"
	},
	{
    	"input": "Guide me to the closest restroom.",
    	"classification": "assisted"
	},
	{
    	"input": "Take me to the information center.",
    	"classification": "assisted"
	},
	{
    	"input": "Find the shortest way to my destination.",
    	"classification": "assisted"
	},
	{
    	"input": "Navigate me to the front desk.",
    	"classification": "assisted"
	},
	{
    	"input": "Assist me in getting to the main hall.",
    	"classification": "assisted"
	},
	{
    	"input": "Help me locate the nearest stairs.",
    	"classification": "assisted"
	},
	{
    	"input": "Guide me to the patient lounge.",
    	"classification": "assisted"
	},
	{
    	"input": "Show me the way to the laboratory.",
    	"classification": "assisted"
	},
	{
    	"input": "I need directions to the visitor area.",
    	"classification": "assisted"
	},
	{
    	"input": "Help me find the way to my therapy session.",
    	"classification": "assisted"
	},
	{
    	"input": "Take me to the medication room.",
    	"classification": "assisted"
	},
	{
    	"input": "Find the quickest path to the cafeteria.",
    	"classification": "assisted"
	},
	{
    	"input": "Help me navigate to my appointment.",
    	"classification": "assisted"
	},
	{
    	"input": "Can you guide me to the transport pickup area?",
    	"classification": "assisted"
	},
	{
    	"input": "Lead me to the emergency exit.",
    	"classification": "assisted"
	},
	{
    	"input": "Help me reach the main corridor.",
    	"classification": "assisted"
	},
	{
    	"input": "Show me how to get to the garden terrace.",
    	"classification": "assisted"
	},
	{
    	"input": "Take me to the rehabilitation room.",
    	"classification": "assisted"
	},

	{
    	"input": "What is the temperature outside?",
    	"classification": "neutral"
	},
	{
    	"input": "Who is the president of the United States?",
    	"classification": "neutral"
	},
	{
    	"input": "How do I make a cup of coffee?",
    	"classification": "neutral"
	},
	{
    	"input": "What’s the latest news in technology?",
    	"classification": "neutral"
	},
	{
    	"input": "Tell me something interesting about space.",
    	"classification": "neutral"
	},
	{
    	"input": "What is the speed of light?",
    	"classification": "neutral"
	},
	{
    	"input": "Can you play my favorite song?",
    	"classification": "neutral"
	},
	{
    	"input": "What is the definition of artificial intelligence?",
    	"classification": "neutral"
	},
	{
    	"input": "Do you have any good movie recommendations?",
    	"classification": "neutral"
	},
	{
    	"input": "How do I improve my memory?",
    	"classification": "neutral"
	},
	{
    	"input": "What are the benefits of drinking water?",
    	"classification": "neutral"
	},
	{
    	"input": "Tell me a fun fact about animals.",
    	"classification": "neutral"
	},
	{
    	"input": "What’s the most popular travel destination?",
    	"classification": "neutral"
	},
	{
    	"input": "Can you tell me about famous scientists?",
    	"classification": "neutral"
	},
	{
    	"input": "How do I cook pasta?",
    	"classification": "neutral"
	},
	{
    	"input": "Who wrote the Harry Potter books?",
    	"classification": "neutral"
	},
	{
    	"input": "What are the health benefits of yoga?",
    	"classification": "neutral"
	},
	{
    	"input": "What’s the best way to learn a new language?",
    	"classification": "neutral"
	},
	{
    	"input": "Do you know any interesting historical facts?",
    	"classification": "neutral"
	},
	{
    	"input": "What’s the tallest mountain in the world?",
    	"classification": "neutral"
	}
]
