{
    "area_layout": {
      "map_central_point": {
        "coordinates": { "x": 0, "y": 0 }
      },
      "offices": [
        {
          "name": "Main Corridor",
          "central_point": {
            "coordinates": { "x": -3.04, "y": -0.35 }
          },
          "doors": [
            {
              "room id": "Room 1",
              "coordinates": { "x": -4.27, "y": -3.37 },
              "width": 1.2
            },
            {
              "room id": "Room 2",
              "coordinates": { "x": -4.27, "y": -2.27 },
              "width": 1.2
            },
            {
              "room id": "Room 3",
              "coordinates": { "x": -4.27, "y": 7.83 },
              "width": 1.2
            },
            {
              "room id": "Room 4",
              "coordinates": { "x": -4.27, "y": 16.4 },
              "width": 2
            },
            {
              "room id": "Room 5",
              "coordinates": { "x": -1.6, "y": 11 },
              "width": 2
            },
            {
              "room id": "Room 6",
              "coordinates": { "x": -1.6, "y": -2.37 },
              "width": 1.0
            },
            {
              "room id": "Room 7",
              "coordinates": { "x": -1.6, "y": -4.09 },
              "width": 1.2
            }
          ],
          "objects":[
            {
              "name": "Extinguisher a",
              "coordinates": { "x": -1.94, "y": 5.55 },
              "radius": 1.5
            },
            {
              "name": "Extinguisher b",
              "coordinates": { "x": -1.71, "y": 16.8 },
              "radius": 1.5
            },
            {
              "name": "Emergency exit",
              "coordinates": { "x": -3.51, "y": 20.8 },
              "radius": 1.5
            },
            {
              "name": "water fountain a",
              "coordinates": { "x": -2.04, "y": -15.1 },
              "radius": 1.5
            },
            {
              "name": "water fountain b",
              "coordinates": { "x": -2.15, "y": -17.1 },
              "radius": 1.5
            },
            {
              "name": "network panel",
              "coordinates": { "x": -1.9, "y": 1.32 },
              "radius": 2.0
            },
            {
              "name": "Electric Central Panel",
              "coordinates": { "x": -1.72, "y": 18.9 },
              "radius": 1.5
            },
            {
              "name": "Wifi Router",
              "coordinates": { "x": -2.89, "y": 8.84 },
              "radius": 0.0
            },
            {
              "name": "Central Thrash Bin",
              "coordinates": { "x": -3.75, "y": -8.9 },
              "radius": 1.5
            },
            {
              "name": "Registration Desk",
              "coordinates": { "x": -2.04, "y": 13.5 },
              "radius": 1.5
            },
            {
              "name": "Fire alarm b",
              "coordinates": { "x": -2.04, "y": -14.0 },
              "radius": 1.5
            }
          ]
        },
        {
          "name": "Principal Secretary",
          "central_point": {
            "coordinates": { "x": -4.27, "y": -3.37 }
          }
        },
        {
          "name": "Classroom 2",
          "central_point": {
            "coordinates": { "x": -4.27, "y": -2.27 }
          }
        },
        {
          "name": "High Performance Computing Laboratory Storage",
          "central_point": {
            "coordinates": { "x": -4.27, "y": 7.83 }
          }
        },
        {
          "name": "Conference Room",
          "central_point": {
            "coordinates": { "x": -4.27, "y": 16.4 }
          }
        },
        {
          "name": "High Performance Computing Laboratory Main room",
          "central_point": {
            "coordinates": { "x": -1.6, "y": 11 }
          }
        },
        {
          "name": "Human Centered System Laboratory",
          "central_point": {
            "coordinates": { "x": 2.0, "y": 0.17 }
          },
          "door": {
            "coordinates": { "x": -1.6, "y": -2.37 },
            "width": 1.2
          },
          "objects":[
            {
              "name": "3d Printer",
              "coordinates": { "x": -0.0161, "y": -2.76 },
              "radius": 2.0
            },
            {
              "name": "Coffe Maker",
              "coordinates": { "x": 3.55, "y": -2.66 },
              "radius": 2.0
            },
            {
              "name": "Electronic Storage",
              "coordinates": { "x": 4.8, "y": -2.42 },
              "radius": 2.0
            },
            {
              "name": "Book Storage",
              "coordinates": { "x": -1.0, "y": -0.955 },
              "radius": 2.0
            },
            {
              "name": "Desk 1",
              "coordinates": { "x": -0.9, "y": -0.353 },
              "radius": 2.0
            },
            {
              "name": "Desk 2",
              "coordinates": { "x": -0.9, "y": 1.6 },
              "radius": 2.0
            },
            {
              "name": "Desk 3",
              "coordinates": { "x": -0.9, "y": 3.23 },
              "radius": 2.0
            },
            {
              "name": "Desk 4",
              "coordinates": { "x": 1.02, "y": 3.23 },
              "radius": 2.0
            },
            {
              "name": "Desk 5",
              "coordinates": { "x": 4.55, "y": 2.93 },
              "radius": 2.0
            },
            {
              "name": "Desk 6",
              "coordinates": { "x": 4.46, "y": 1.58 },
              "radius": 2.0
            },
            {
              "name": "Desk 7",
              "coordinates": { "x": 4.08, "y": 0.377 },
              "radius": 2.0
            },
            {
              "name": "Power Bank Storage",
              "coordinates": { "x": 0.39, "y": -2.62 },
              "radius": 2.0
            }
          ]
        },
        {
          "name": "High Performance Computing Laboratory Meeting Room",
          "central_point": {
            "coordinates": { "x": -1.6, "y": -4.09 }
          }
        },
        {
          "name": "Cafeteria Area",
          "central_point": {
            "coordinates": { "x": -8.15, "y": -17.7 }
          },
          "door": {
            "coordinates": { "x": -4.27, "y": -14.09 },
            "width": 1.2
          },
          "objects":[
            {
              "name": "Refrigerator",
              "coordinates": { "x": -5.17, "y": -20.6 },
              "radius": 2.0
            },
            {
              "name": "Dishwasher",
              "coordinates": { "x": -5.53, "y": -17.8 },
              "radius": 1.5
            },
            {
              "name": "Public Desk a",
              "coordinates": { "x": -6.75, "y": -20.3 },
              "radius": 1.5
            },
            {
              "name": "Public Desk b",
              "coordinates": { "x": -8.73, "y": -20.5 },
              "radius": 1.5
            },
            {
              "name": "Public Desk c",
              "coordinates": { "x": -10.4, "y": -20.5  },
              "radius": 1.5
            }
          ]
        },
        {
          "name": "Hallway to Bathrooms",
          "central_point": {
            "coordinates": { "x": -0.095, "y": -18.0 }
          },
          "door": {
            "coordinates": { "x": -1.6, "y": -18.0 },
            "width": 1.0
          },
          "objects": [
            {
              "name": "Men's Bathroom",
              "coordinates": { "x": 0.806, "y": -16.8 },
              "radius": 1.5
            },
            {
              "name": "Women's Bathroom",
              "coordinates": { "x": 0.806, "y": -19.1 },
              "radius": 1.5
            },
            {
              "name": "Women's Accessible Bathroom",
              "coordinates": { "x": -0.7, "y": -19.1 },
              "radius": 1.5
            },
            {
              "name": "Men's Accessible Bathroom",
              "coordinates": { "x": -0.606, "y": -16.8},
              "radius": 1.5
            },
            {
              "name": "Bathroom Water Tank Room",
              "coordinates": { "x": 1.51, "y": -18.0 },
              "radius": 1.5
            }
          ]
        },
        {
          "name": "Southwest Lobby",
          "central_point": {
            "coordinates": { "x": -8.05, "y": -11.51 }
          },
          "door": {
            "coordinates": { "x": -4.27, "y": -11.51 },
            "width": 1.2
          },
          "objects": [
          {
            "name": "fire hose",
            "coordinates": { "x": -6.54, "y": -9.0 },
            "radius": 1.5
          },
          {
            "name": "Main Information Desk",
            "coordinates": { "x": -6.13, "y": -13.0 },
            "radius": 1.5
          },
          {
            "name": "Fire alarm a",
            "coordinates": { "x": -6.13, "y": -7.8 },
            "radius": 1.5
          }
        ]
        },
        {
          "name": "Southeast Lobby",
          "central_point": {
            "coordinates": { "x": 0.47, "y": -11.51 }
          },
          "door": {
            "coordinates": { "x": -1.6, "y": -11.51 },
            "width": 1.2
          },
          "objects": [
          {
            "name": "Elevator",
            "coordinates": { "x": 3.13, "y": -11.6 },
            "radius": 1.0
          },
          {
            "name": "Cleaning Room",
            "coordinates": { "x": 2.75, "y": -13.7 },
            "radius": 1.0
          },
          {
            "name": "Second Floor Stairs",
            "coordinates": { "x": 2.53, "y": -10.7 },
            "radius": 1.0
          }
        ]
        },
        {
          "name": "Maintenance Room",
          "central_point": {
            "coordinates": { "x": -2.22, "y": 20.8 }
          }
        }
      ]
    }
  }
  